method, of, sol, time
exact, 347.0, [1.0, 0.0, 0.0, 1.0, 0.0, 1.0, 0.0, 0.0, 1.0, 1.0], 0.014708280563354492
exact Random, 252.0, [1.0, 0.0, 0.0, 0.0, 0.0, 0.0, 1.0, 1.0, 0.0, 1.0], 0.016807079315185547
