method, of, sol, time
exact, 347.0, [1.0, 0.0, 0.0, 1.0, 0.0, 1.0, 0.0, 0.0, 1.0, 1.0], 0.014766931533813477
exact Random, 162.0, [1.0, 0.0, 0.0, 0.0, 0.0, 0.0, 0.0, 1.0, 0.0, 0.0], 0.013162851333618164
