method, of, sol, time
exact, 347.0, [1.0, 0.0, 0.0, 1.0, 0.0, 1.0, 0.0, 0.0, 1.0, 1.0], 0.01624894142150879
exact Random, 248.0, [0.0, 0.0, 0.0, 0.0, 0.0, 0.0, 0.0, 1.0, 1.0, 1.0], 0.0204010009765625
