method, of, sol, time
heu, 72.0, [0, 0, 9, 0, 0, 0, 0, 0, 0, 0], 3.814697265625e-05
exact, 109.0, [0.0, 0.0, 0.0, 1.0, 0.0, 0.0, 0.0, 0.0, 0.0, 11.0], 0.8152909278869629
